date_posted,week,slug,pillar,format,hook_mechanism,views,watch_pct,saves,follows,completion_pct,retention_dropoff_s,comments,notes,series
2026-09-08,01,2026-09-08-sore-wrists-train-everything-else,Constraint,slideshow,contradiction,1109,,,,,,,7-day views from TikTok Studio Content tab; top post by a wide margin (4.6x next best); per-post saves/completion not shown by the app for this one,
2026-09-08,01,2026-09-12-train-to-carry,Reframe,motion-type,contradiction,242,,,,,,,Actually posted around 09-08 per analytics (4d ago); sidecar post_date (09-12) reflects rescheduling drift not the real post date,
2026-09-09,01,2026-09-09-hotel-room-silent-session-carousel,Constraint,slideshow,contradiction,235,,,,,,,3d ago per analytics,
2026-09-09,01,2026-09-09-hotel-room-silent-session,Constraint,motion-type,contradiction,228,,,,,,,3d ago per analytics; motion-type conversion of the original environment-pov video,
2026-09-16,02,2026-09-23-quarter-end-three-moves-carousel,Constraint,slideshow,situation,836,,12,,,,0,"Owner screenshot ~3.5h after posting (posted 09-16 23:38, sidecar post_date 09-23 was the plan slot). Gold poster cover, plain-English body, Glute Bridge figure card. 26 likes, 2 shares. Viewers: 100% non-followers, 96% US, 88% women, 25-34 46% + 35-44 29%. Best first-hours of any post so far (week 01 posts took 3 days to reach ~235).",do-these
2026-09-17,02,2026-09-19-do-these-4-desk-day-carousel,Constraint,slideshow,situation,1815,,,,,,,"Owner screenshots 2026-10-08. 28-day Content tab only (top post by views, posted ~3w ago); per-post likes/saves not captured",do-these
2026-09-10,01,2026-09-10-wall-to-floor-push-up-ladder-carousel,Skill ladder,slideshow,contradiction,1315,,,,,,,Owner screenshots 2026-10-08. 28-day Content tab only; per-post likes/saves not captured,
2026-09-21,02,2026-09-22-do-these-4-while-dinner-cooks-carousel,Constraint,slideshow,situation,1494,,23,,,,0,Owner screenshots 2026-10-08. Likes 40.,do-these
2026-09-23,03,2026-09-24-do-these-4-knees-complaining-carousel,Constraint,slideshow,situation,907,,5,,,,0,Owner screenshots 2026-10-08. Likes 9.,do-these
2026-09-24,03,2026-09-25-do-these-3-six-pm-reset-carousel,Constraint,slideshow,situation,848,,7,,,,0,Owner screenshots 2026-10-08. Likes 26.,do-these
2026-09-27,03,2026-09-26-do-these-5-everyone-home-carousel,Constraint,slideshow,situation,1796,,34,,,,0,"Owner screenshots 2026-10-08. Likes 54. 28-day tab shows 1,808",do-these
2026-09-28,03,2026-09-27-five-moves-before-you-scroll-carousel,Fast tips,slideshow,situation,940,,11,,,,0,Owner screenshots 2026-10-08. Likes 29.,
2026-09-30,03,2026-09-27-do-these-4-laundry-spins-carousel,Constraint,slideshow,situation,782,,19,,,,0,Owner screenshots 2026-10-08. Likes 29.,do-these
2026-10-03,03,2026-09-27-wall-to-floor-plank-ladder-carousel,Skill ladder,slideshow,situation,796,,0,,,,0,Owner screenshots 2026-10-08. Likes 3.,
2026-10-04,04,2026-10-03-floor-test-carousel,Skill ladder,slideshow,situation,793,,18,,,,0,Owner screenshots 2026-10-08. Likes 28.,the-test
